Date,HomeTeam,AwayTeam,FTHG,FTAG,FTR,HTHG,HTAG,HTR,Referee,HS,AS,HST,AST,HF,AF,HY,AY,HR,AR
2019-08-06,Arsenal,Aston Villa,1,1,D,0,0,D,G Poll,19,5,11,3,10,19,1,2,0,0
2019-08-06,Bolton,Tottenham,2,0,H,2,0,H,P Dowd,8,9,6,6,19,22,0,1,0,0
2019-08-06,Everton,Watford,2,1,H,1,0,H,P Walton,6,12,2,8,12,13,2,2,0,0
2019-08-06,Newcastle,Wigan,2,1,H,1,0,H,M Atkinson,9,14,8,9,17,20,1,2,0,0
2019-08-06,Portsmouth,Blackburn,3,0,H,1,0,H,A Wiley,21,9,16,7,20,17,2,1,0,2
2019-08-06,Reading,Middlesbrough,3,2,H,2,2,D,M Halsey,14,7,9,5,8,15,1,3,0,0
2019-08-06,Sheffield United,Liverpool,1,1,D,0,0,D,R Styles,5,12,3,7,10,16,1,2,0,0
2019-08-06,West Ham,Charlton,3,1,H,0,1,A,H Webb,16,4,5,2,14,14,2,2,0,1
2020-08-06,Chelsea,Man City,3,0,H,2,0,H,S Bennett,10,5,4,2,7,15,1,3,0,1
2020-08-06,Man United,Fulham,5,1,H,4,1,H,A Marriner,15,12,7,8,14,20,1,1,0,0
2022-08-06,Tottenham,Sheffield United,2,0,H,2,0,H,P Walton,18,6,13,3,5,9,0,1,0,0
2022-08-06,Watford,West Ham,1,1,D,0,0,D,M Atkinson,11,8,4,4,12,12,0,0,0,0
2023-08-06,Aston Villa,Reading,2,1,H,1,1,D,L Mason,11,5,6,3,9,6,2,1,0,1
2023-08-06,Blackburn,Everton,1,1,D,0,0,D,U Rennie,10,10,5,4,22,20,4,3,0,0
2023-08-06,Charlton,Man United,0,3,A,0,0,D,C Foy,8,21,2,11,14,11,1,1,0,0
2023-08-06,Fulham,Bolton,1,1,D,0,0,D,A Wiley,11,4,4,1,9,16,0,2,0,0
2023-08-06,Man City,Portsmouth,0,0,D,0,0,D,D Gallagher,6,3,3,1,15,13,2,1,0,0
2023-08-06,Middlesbrough,Chelsea,2,1,H,0,1,A,H Webb,9,8,2,5,15,7,2,2,0,0
2026-08-06,Charlton,Bolton,2,0,H,0,0,D,M Dean,9,7,5,2,11,17,1,4,1,1
2026-08-06,Fulham,Sheffield United,1,0,H,1,0,H,G Poll,10,9,5,1,17,17,3,3,0,0
2026-08-06,Liverpool,West Ham,2,1,H,2,1,H,A Wiley,19,8,8,3,15,6,1,0,0,0
2026-08-06,Man City,Arsenal,1,0,H,1,0,H,U Rennie,10,17,3,6,16,8,1,1,0,0
2026-08-06,Tottenham,Everton,0,2,A,0,0,D,M Halsey,15,6,6,2,9,12,1,1,0,1
2026-08-06,Watford,Man United,1,2,A,1,1,D,P Dowd,8,19,7,10,20,14,1,1,0,0
2026-08-06,Wigan,Reading,1,0,H,1,0,H,M Riley,15,5,5,3,12,14,2,2,0,0
2027-08-06,Aston Villa,Newcastle,2,0,H,2,0,H,H Webb,9,8,7,5,14,12,2,2,0,0
2027-08-06,Blackburn,Chelsea,0,2,A,0,0,D,M Clattenburg,12,14,3,8,10,15,3,1,0,0
2028-08-06,Middlesbrough,Portsmouth,0,4,A,0,1,A,C Foy,19,10,8,7,15,9,2,1,0,0
2009-09-06,Arsenal,Middlesbrough,1,1,D,0,1,A,R Styles,20,1,12,1,5,17,1,6,0,1
2009-09-06,Bolton,Watford,1,0,H,0,0,D,M Clattenburg,7,15,2,6,13,15,3,1,0,0
2009-09-06,Chelsea,Charlton,2,1,H,1,0,H,A Wiley,19,3,6,2,12,7,2,1,0,0
2009-09-06,Everton,Liverpool,3,0,H,2,0,H,G Poll,8,21,6,5,22,13,1,3,0,0
2009-09-06,Man United,Tottenham,1,0,H,1,0,H,M Riley,10,9,5,4,12,17,2,2,0,0
2009-09-06,Newcastle,Fulham,1,2,A,0,0,D,C Foy,15,8,7,5,16,12,1,1,0,0
2009-09-06,Portsmouth,Wigan,1,0,H,0,0,D,P Walton,9,11,7,5,14,5,0,1,0,0
2009-09-06,Sheffield United,Blackburn,0,0,D,0,0,D,M Dean,14,12,9,1,12,11,2,2,0,0
2010-09-06,West Ham,Aston Villa,1,1,D,0,1,A,S Bennett,7,10,1,6,15,9,2,2,0,0
2011-09-06,Reading,Man City,1,0,H,1,0,H,H Webb,12,15,7,8,6,16,0,4,0,1
2016-09-06,Bolton,Middlesbrough,0,0,D,0,0,D,S Bennett,13,14,3,7,7,19,0,1,0,0
2016-09-06,Charlton,Portsmouth,0,1,A,0,0,D,P Dowd,18,12,5,5,6,10,0,2,0,0
2016-09-06,Everton,Wigan,2,2,D,0,0,D,A Wiley,14,10,9,7,14,23,1,5,0,0
2016-09-06,Sheffield United,Reading,1,2,A,0,2,A,A Marriner,14,8,7,2,12,6,2,1,0,0
2016-09-06,Watford,Aston Villa,0,0,D,0,0,D,M Dean,12,9,5,4,12,10,1,0,0,0
2017-09-06,Blackburn,Man City,4,2,H,2,2,D,M Atkinson,11,15,5,8,11,11,2,3,0,0
2017-09-06,Chelsea,Liverpool,1,0,H,1,0,H,M Riley,4,9,3,6,13,17,3,2,1,0
2017-09-06,Man United,Arsenal,0,1,A,0,0,D,G Poll,17,14,9,7,11,11,2,2,0,0
2017-09-06,Tottenham,Fulham,0,0,D,0,0,D,M Clattenburg,18,8,8,3,11,20,2,2,0,0
2017-09-06,West Ham,Newcastle,0,2,A,0,0,D,R Styles,10,16,7,9,11,11,3,3,0,0
2020-09-06,Liverpool,Newcastle,2,0,H,1,0,H,M Halsey,22,11,11,6,12,13,1,1,0,0
2023-09-06,Arsenal,Sheffield United,3,0,H,0,0,D,A Wiley,14,5,11,4,11,8,2,1,0,0
2023-09-06,Aston Villa,Charlton,2,0,H,1,0,H,M Riley,12,8,5,3,10,14,0,1,0,0
2023-09-06,Fulham,Chelsea,0,2,A,0,0,D,M Halsey,7,13,4,5,19,9,2,1,0,0
2023-09-06,Liverpool,Tottenham,3,0,H,0,0,D,H Webb,14,5,6,1,12,9,1,0,0,0
2023-09-06,Man City,West Ham,2,0,H,0,0,D,C Foy,17,4,8,0,12,15,0,0,0,0
2023-09-06,Middlesbrough,Blackburn,0,1,A,0,1,A,G Poll,13,13,7,7,14,17,1,3,0,0
2023-09-06,Reading,Man United,1,1,D,0,0,D,P Walton,3,18,1,8,6,10,0,0,0,0
2023-09-06,Wigan,Watford,1,1,D,1,0,H,R Styles,8,10,4,4,15,15,2,2,0,0
2024-09-06,Newcastle,Everton,1,1,D,1,1,D,S Bennett,21,12,13,5,12,18,2,4,1,1
2025-09-06,Portsmouth,Bolton,0,1,A,0,1,A,U Rennie,13,4,5,3,8,13,2,2,0,0
1930-09-06,Bolton,Liverpool,2,0,H,1,0,H,P Dowd,4,13,3,6,15,12,2,1,0,0
1930-09-06,Charlton,Arsenal,1,2,A,1,1,D,M Clattenburg,10,21,6,12,19,8,4,4,0,0
1930-09-06,Chelsea,Aston Villa,1,1,D,1,1,D,G Poll,18,9,10,5,13,14,0,2,0,0
1930-09-06,Everton,Man City,1,1,D,1,0,H,A Marriner,14,11,10,5,14,17,2,2,0,0
1930-09-06,Sheffield United,Middlesbrough,2,1,H,1,0,H,P Walton,13,7,7,2,8,12,1,3,0,0
2001-10-06,Blackburn,Wigan,2,1,H,1,1,D,H Webb,12,11,8,6,16,17,3,4,0,0
2001-10-06,Man United,Newcastle,2,0,H,1,0,H,M Dean,24,3,11,3,5,13,1,3,0,0
2001-10-06,Tottenham,Portsmouth,2,1,H,2,1,H,C Foy,8,9,6,6,8,10,0,0,0,0
2001-10-06,West Ham,Reading,0,1,A,0,1,A,U Rennie,13,2,8,1,8,7,4,2,0,0
2002-10-06,Watford,Fulham,3,3,D,1,0,H,M Riley,9,9,4,3,24,12,1,3,0,0
2014-10-06,Arsenal,Watford,3,0,H,2,0,H,H Webb,15,9,7,3,6,14,0,1,0,0
2014-10-06,Aston Villa,Tottenham,1,1,D,0,0,D,M Atkinson,12,10,6,5,13,11,0,1,0,1
2014-10-06,Liverpool,Blackburn,1,1,D,0,1,A,M Clattenburg,18,5,9,3,6,15,1,3,0,0
2014-10-06,Man City,Sheffield United,0,0,D,0,0,D,M Dean,14,7,6,3,14,12,0,1,0,0
2014-10-06,Middlesbrough,Everton,2,1,H,1,0,H,M Halsey,9,12,6,8,12,9,1,0,0,0
2014-10-06,Portsmouth,West Ham,2,0,H,1,0,H,G Poll,18,6,6,3,20,11,4,4,0,0
2014-10-06,Reading,Chelsea,0,1,A,0,1,A,M Riley,5,7,0,4,16,7,3,2,1,1
2014-10-06,Wigan,Man United,1,3,A,1,0,H,S Bennett,6,12,2,5,7,8,0,2,0,0
2015-10-06,Newcastle,Bolton,1,2,A,1,0,H,A Wiley,10,7,3,5,21,15,3,3,0,0
2016-10-06,Fulham,Charlton,2,1,H,0,0,D,R Styles,11,10,6,3,9,12,1,3,0,0
2021-10-06,Aston Villa,Fulham,1,1,D,1,1,D,C Foy,3,5,1,2,12,13,0,2,0,0
2021-10-06,Charlton,Watford,0,0,D,0,0,D,L Mason,16,8,8,3,13,17,2,0,0,0
2021-10-06,Chelsea,Portsmouth,2,1,H,0,0,D,M Clattenburg,26,10,18,1,6,12,3,2,0,0
2021-10-06,Everton,Sheffield United,2,0,H,2,0,H,D Gallagher,13,10,5,4,13,11,0,1,0,1
2021-10-06,Wigan,Man City,4,0,H,2,0,H,P Dowd,12,9,5,4,14,13,1,1,0,0
2022-10-06,Blackburn,Bolton,0,1,A,0,0,D,M Dean,24,8,11,7,12,16,2,2,0,1
2022-10-06,Man United,Liverpool,2,0,H,1,0,H,G Poll,10,13,8,5,14,21,1,3,0,0
2022-10-06,Middlesbrough,Newcastle,1,0,H,0,0,D,M Atkinson,19,13,8,4,17,13,2,0,0,0
2022-10-06,Reading,Arsenal,0,4,A,0,2,A,A Wiley,3,16,1,9,6,6,0,0,0,0
2022-10-06,Tottenham,West Ham,1,0,H,1,0,H,S Bennett,13,5,5,2,14,15,3,4,0,0
2028-10-06,Arsenal,Everton,1,1,D,0,1,A,M Riley,26,2,12,2,6,21,2,3,0,0
2028-10-06,Bolton,Man United,0,4,A,0,2,A,R Styles,8,15,3,10,18,11,2,2,0,0
2028-10-06,Fulham,Wigan,0,1,A,0,0,D,G Poll,4,15,1,7,11,12,1,2,0,0
2028-10-06,Liverpool,Aston Villa,3,1,H,3,0,H,S Bennett,19,7,6,5,11,17,0,1,0,0
2028-10-06,Newcastle,Charlton,0,0,D,0,0,D,M Dean,20,8,10,4,12,9,1,1,0,0
2028-10-06,Portsmouth,Reading,3,1,H,1,0,H,P Dowd,18,8,12,4,18,6,0,0,0,0
2028-10-06,Sheffield United,Chelsea,0,2,A,0,1,A,M Atkinson,6,10,2,7,15,12,2,0,0,0
2028-10-06,Watford,Tottenham,0,0,D,0,0,D,U Rennie,9,11,2,8,14,14,3,1,0,0
2029-10-06,West Ham,Blackburn,2,1,H,1,0,H,A Wiley,9,13,5,7,16,10,1,1,0,0
1930-10-06,Man City,Middlesbrough,1,0,H,1,0,H,H Webb,14,4,5,0,16,22,2,4,0,0
2004-11-06,Bolton,Wigan,0,1,A,0,0,D,M Clattenburg,13,9,5,3,15,14,1,2,0,0
2004-11-06,Charlton,Man City,1,0,H,1,0,H,C Foy,18,15,11,9,10,9,1,2,0,0
2004-11-06,Fulham,Everton,1,0,H,0,0,D,M Atkinson,5,5,3,3,8,17,0,1,0,0
2004-11-06,Liverpool,Reading,2,0,H,1,0,H,U Rennie,21,5,10,2,8,14,0,2,0,0
2004-11-06,Man United,Portsmouth,3,0,H,2,0,H,M Dean,18,8,11,5,6,9,0,1,0,0
2004-11-06,Newcastle,Sheffield United,0,1,A,0,0,D,S Bennett,11,12,3,6,16,12,3,2,0,0
2004-11-06,Watford,Middlesbrough,2,0,H,1,0,H,D Gallagher,14,5,6,2,15,15,1,1,0,0
2005-11-06,Aston Villa,Blackburn,2,0,H,1,0,H,H Webb,8,5,5,3,15,13,1,3,0,0
2005-11-06,Tottenham,Chelsea,2,1,H,1,1,D,G Poll,8,17,3,10,15,15,3,5,0,1
2005-11-06,West Ham,Arsenal,1,0,H,0,0,D,R Styles,11,11,5,5,11,8,3,2,0,0
2011-11-06,Blackburn,Man United,0,1,A,0,0,D,M Riley,9,14,4,7,17,8,4,3,0,0
2011-11-06,Chelsea,Watford,4,0,H,2,0,H,H Webb,14,2,8,1,13,14,1,1,0,0
2011-11-06,Everton,Aston Villa,0,1,A,0,1,A,P Dowd,10,17,4,9,16,19,2,3,0,0
2011-11-06,Man City,Newcastle,0,0,D,0,0,D,G Poll,15,8,8,3,18,11,1,3,0,0
2011-11-06,Middlesbrough,West Ham,1,0,H,0,0,D,M Halsey,11,11,8,7,7,10,1,3,0,0
2011-11-06,Portsmouth,Fulham,1,1,D,0,0,D,S Bennett,23,7,12,4,11,7,0,3,0,0
2011-11-06,Sheffield United,Bolton,2,2,D,0,1,A,A Wiley,8,6,4,4,5,6,1,1,0,0
2011-11-06,Wigan,Charlton,3,2,H,2,0,H,D Gallagher,8,7,5,4,18,11,2,0,0,0
2012-11-06,Arsenal,Liverpool,3,0,H,1,0,H,M Clattenburg,7,10,7,4,7,12,2,3,0,0
2012-11-06,Reading,Tottenham,3,1,H,2,1,H,R Styles,8,9,4,3,14,7,1,1,0,0
2018-11-06,Arsenal,Newcastle,1,1,D,0,1,A,M Atkinson,23,2,10,1,10,9,2,5,0,0
2018-11-06,Chelsea,West Ham,1,0,H,1,0,H,M Dean,19,7,9,1,10,8,1,4,0,0
2018-11-06,Everton,Bolton,1,0,H,0,0,D,U Rennie,9,13,2,2,18,14,3,0,0,0
2018-11-06,Man City,Fulham,3,1,H,3,0,H,A Wiley,15,7,7,2,22,12,1,1,0,0
2018-11-06,Middlesbrough,Liverpool,0,0,D,0,0,D,L Mason,1,17,1,10,14,3,0,0,0,0
2018-11-06,Portsmouth,Watford,2,1,H,1,1,D,C Foy,17,8,11,4,14,18,1,3,0,0
2018-11-06,Reading,Charlton,2,0,H,1,0,H,G Poll,11,4,4,2,6,11,0,3,0,0
2018-11-06,Sheffield United,Man United,1,2,A,1,1,D,M Clattenburg,5,22,3,15,19,10,1,1,0,0
2019-11-06,Blackburn,Tottenham,1,1,D,1,0,H,P Dowd,6,13,3,5,17,16,0,1,1,1
2019-11-06,Wigan,Aston Villa,0,0,D,0,0,D,S Bennett,14,7,5,3,6,11,1,0,0,0
2025-11-06,Aston Villa,Middlesbrough,1,1,D,1,1,D,P Walton,11,9,4,4,18,11,1,3,0,0
2025-11-06,Bolton,Arsenal,3,1,H,2,1,H,M Dean,10,14,8,7,11,8,3,4,0,0
2025-11-06,Charlton,Everton,1,1,D,0,0,D,A Wiley,16,9,8,6,16,13,2,0,0,0
2025-11-06,Fulham,Reading,0,1,A,0,1,A,D Gallagher,10,8,4,2,6,14,0,3,1,0
2025-11-06,Liverpool,Man City,1,0,H,0,0,D,R Styles,12,6,6,2,9,20,2,1,0,0
2025-11-06,West Ham,Sheffield United,1,0,H,1,0,H,M Riley,12,13,7,5,16,22,2,4,0,0
2026-11-06,Man United,Chelsea,1,1,D,1,0,H,H Webb,8,13,5,7,16,12,1,3,0,0
2026-11-06,Newcastle,Portsmouth,1,0,H,0,0,D,M Halsey,13,7,10,2,13,12,2,2,0,0
2026-11-06,Tottenham,Wigan,3,1,H,2,1,H,M Clattenburg,11,10,6,5,12,17,2,4,0,0
2028-11-06,Watford,Sheffield United,0,1,A,0,0,D,M Atkinson,9,17,6,7,20,10,3,1,1,0
2029-11-06,Aston Villa,Man City,1,3,A,0,2,A,M Dean,6,11,4,8,15,11,1,0,0,0
2029-11-06,Bolton,Chelsea,0,1,A,0,1,A,S Bennett,9,16,3,10,13,13,3,1,0,0
2029-11-06,Fulham,Arsenal,2,1,H,2,1,H,H Webb,13,7,7,2,17,15,4,5,0,1
2029-11-06,Liverpool,Portsmouth,0,0,D,0,0,D,A Wiley,15,3,4,1,13,13,1,3,0,0
2029-11-06,Man United,Everton,3,0,H,1,0,H,M Halsey,18,7,6,4,15,15,1,1,0,0
2002-12-06,Arsenal,Tottenham,3,0,H,2,0,H,G Poll,6,7,5,4,15,15,1,2,0,0
2002-12-06,Blackburn,Fulham,2,0,H,2,0,H,S Bennett,10,4,6,2,19,13,2,2,0,0
2002-12-06,Middlesbrough,Man United,1,2,A,0,1,A,C Foy,13,11,5,7,12,16,2,3,0,0
2002-12-06,Portsmouth,Aston Villa,2,2,D,0,1,A,U Rennie,18,8,6,4,14,19,2,4,1,0
2002-12-06,Reading,Bolton,1,0,H,1,0,H,A Wiley,10,12,3,7,11,15,0,3,0,0
2002-12-06,Sheffield United,Charlton,2,1,H,0,1,A,P Dowd,26,8,10,4,11,14,1,1,0,0
2002-12-06,Wigan,Liverpool,0,4,A,0,4,A,M Riley,15,9,6,6,9,14,2,2,0,0
2003-12-06,Everton,West Ham,2,0,H,0,0,D,M Atkinson,8,16,5,11,16,9,2,2,0,0
2004-12-06,Man City,Watford,0,0,D,0,0,D,M Clattenburg,14,6,12,4,12,16,1,3,0,0
2005-12-06,Charlton,Blackburn,1,0,H,0,0,D,C Foy,13,5,10,3,10,12,1,2,0,0
2005-12-06,Tottenham,Middlesbrough,2,1,H,0,0,D,M Halsey,22,6,11,3,10,16,0,3,1,1
2006-12-06,Newcastle,Reading,3,2,H,1,2,A,R Styles,14,14,8,5,11,13,1,1,0,0
2006-12-06,West Ham,Wigan,0,2,A,0,0,D,A Wiley,13,9,6,4,12,16,0,3,0,0
2009-12-06,Blackburn,Newcastle,1,3,A,0,2,A,D Gallagher,13,16,7,8,10,5,1,2,1,0
2009-12-06,Bolton,West Ham,4,0,H,1,0,H,H Webb,17,3,10,1,11,11,2,2,0,0
2009-12-06,Liverpool,Fulham,4,0,H,0,0,D,U Rennie,32,5,19,3,7,8,1,1,0,0
2009-12-06,Man United,Man City,3,1,H,2,0,H,G Poll,20,15,11,7,15,19,1,3,0,1
2009-12-06,Middlesbrough,Wigan,1,1,D,0,1,A,S Bennett,13,8,7,3,10,7,2,1,0,0
2009-12-06,Portsmouth,Everton,2,0,H,2,0,H,M Clattenburg,13,12,8,5,20,11,2,4,0,0
2009-12-06,Tottenham,Charlton,5,1,H,2,1,H,M Dean,13,12,9,3,7,11,2,4,0,0
2009-12-06,Watford,Reading,0,0,D,0,0,D,C Foy,8,6,5,1,14,12,0,1,0,0
2010-12-06,Chelsea,Arsenal,1,1,D,0,0,D,A Wiley,20,11,7,4,16,16,2,2,0,0
2011-12-06,Sheffield United,Aston Villa,2,2,D,0,1,A,M Halsey,16,7,10,5,11,16,2,1,0,0
2013-12-06,Chelsea,Newcastle,1,0,H,0,0,D,P Dowd,15,6,8,1,16,13,2,2,0,0
2013-12-06,Wigan,Arsenal,0,1,A,0,0,D,R Styles,15,9,7,3,10,7,1,0,0,0
2016-12-06,Arsenal,Portsmouth,2,2,D,0,1,A,S Bennett,14,7,8,5,13,13,0,2,0,0
2016-12-06,Aston Villa,Bolton,0,1,A,0,0,D,M Clattenburg,15,7,9,3,16,19,0,4,0,0
2016-12-06,Charlton,Liverpool,0,3,A,0,1,A,H Webb,7,22,2,10,9,5,1,1,0,0
2016-12-06,Newcastle,Watford,2,1,H,0,0,D,M Atkinson,11,11,6,8,7,18,0,0,0,0
2016-12-06,Reading,Blackburn,1,2,A,1,0,H,G Poll,10,10,5,7,17,8,1,2,0,0
2016-12-06,Wigan,Sheffield United,0,1,A,0,1,A,P Walton,14,11,6,7,10,12,0,2,0,0
2017-12-06,Everton,Chelsea,2,3,A,1,0,H,M Halsey,3,18,1,9,17,8,1,1,0,0
2017-12-06,Man City,Tottenham,1,2,A,0,2,A,R Styles,10,11,4,7,13,11,1,0,0,0
2017-12-06,West Ham,Man United,1,0,H,0,0,D,P Dowd,10,19,4,11,25,10,3,2,0,0
2018-12-06,Fulham,Middlesbrough,2,1,H,2,0,H,M Dean,11,16,6,10,19,16,0,0,0,0
2023-12-06,Arsenal,Blackburn,6,2,H,3,1,H,H Webb,18,11,12,7,14,14,3,3,0,0
2023-12-06,Aston Villa,Man United,0,3,A,0,0,D,S Bennett,11,14,3,10,12,11,2,2,0,0
2023-12-06,Fulham,West Ham,0,0,D,0,0,D,C Foy,11,13,7,4,17,17,1,2,0,1
2023-12-06,Liverpool,Watford,2,0,H,0,0,D,P Dowd,15,7,10,4,10,17,0,0,0,0
2023-12-06,Man City,Bolton,0,2,A,0,2,A,M Riley,5,9,3,3,23,16,1,3,1,0
2023-12-06,Middlesbrough,Charlton,2,0,H,1,0,H,R Styles,16,8,9,6,1,9,0,1,0,0
2023-12-06,Newcastle,Tottenham,3,1,H,3,1,H,A Wiley,12,17,9,6,12,18,1,1,0,0
2023-12-06,Portsmouth,Sheffield United,3,1,H,0,1,A,G Poll,13,11,6,6,14,6,0,2,0,0
2023-12-06,Reading,Everton,0,2,A,0,1,A,S Tanner,11,10,7,7,10,6,0,0,0,0
2023-12-06,Wigan,Chelsea,2,3,A,1,2,A,M Dean,14,8,6,5,10,10,3,4,0,0
2026-12-06,Blackburn,Liverpool,1,0,H,0,0,D,R Styles,8,18,4,12,13,6,3,2,0,0
2026-12-06,Bolton,Newcastle,2,1,H,1,1,D,H Webb,10,10,7,5,15,14,3,3,0,0
2026-12-06,Chelsea,Reading,2,2,D,1,0,H,A Wiley,16,6,5,1,14,9,1,1,0,0
2026-12-06,Everton,Middlesbrough,0,0,D,0,0,D,P Dowd,10,7,4,2,12,17,2,1,0,0
2026-12-06,Man United,Wigan,3,1,H,0,0,D,M Riley,17,6,8,3,12,14,0,0,0,0
2026-12-06,Sheffield United,Man City,0,1,A,0,0,D,M Clattenburg,19,11,13,8,7,9,2,1,0,0
2026-12-06,Tottenham,Aston Villa,2,1,H,0,0,D,U Rennie,12,9,10,7,12,14,1,2,0,0
2026-12-06,Watford,Arsenal,1,2,A,1,1,D,M Dean,6,16,3,8,11,6,2,0,0,0
2026-12-06,West Ham,Portsmouth,1,2,A,0,2,A,M Atkinson,14,12,7,6,12,13,2,1,0,0
2027-12-06,Charlton,Fulham,2,2,D,2,1,H,G Poll,12,15,7,9,14,15,0,0,0,0
1930-12-06,Blackburn,Middlesbrough,2,1,H,1,0,H,M Atkinson,14,8,7,5,16,21,1,3,0,0
1930-12-06,Bolton,Portsmouth,3,2,H,2,1,H,P Walton,12,14,7,7,11,13,0,1,0,0
1930-12-06,Charlton,Aston Villa,2,1,H,0,1,A,R Styles,14,6,8,2,10,10,2,1,0,1
1930-12-06,Chelsea,Fulham,2,2,D,1,1,D,H Webb,15,11,4,6,14,11,1,1,0,0
1930-12-06,Everton,Newcastle,3,0,H,1,0,H,D Gallagher,16,7,9,3,7,11,2,3,0,0
1930-12-06,Man United,Reading,3,2,H,1,1,D,M Dean,28,7,12,3,9,11,1,2,0,1
1930-12-06,Sheffield United,Arsenal,1,0,H,1,0,H,L Mason,11,9,5,4,11,5,2,3,0,0
1930-12-06,Tottenham,Liverpool,0,1,A,0,1,A,M Halsey,9,10,3,5,5,21,0,0,0,0
1930-12-06,West Ham,Man City,0,1,A,0,0,D,S Bennett,12,7,6,5,12,15,1,2,0,0
2001-01-07,Fulham,Watford,0,0,D,0,0,D,S Bennett,16,13,4,5,6,17,1,2,0,1
2001-01-07,Liverpool,Bolton,3,0,H,0,0,D,G Poll,19,1,9,0,18,12,0,3,0,0
2001-01-07,Man City,Everton,2,1,H,0,0,D,U Rennie,11,15,7,5,13,13,2,3,0,0
2001-01-07,Middlesbrough,Sheffield United,3,1,H,1,1,D,C Foy,13,6,7,3,10,11,2,1,0,0
2001-01-07,Newcastle,Man United,2,2,D,1,1,D,R Styles,8,20,8,8,11,10,1,2,0,0
2001-01-07,Portsmouth,Tottenham,1,1,D,1,0,H,A Marriner,15,9,9,7,12,12,1,4,0,0
2001-01-07,Reading,West Ham,6,0,H,4,0,H,L Mason,18,9,9,3,6,13,1,0,0,0
2001-01-07,Wigan,Blackburn,0,3,A,0,1,A,M Clattenburg,14,8,5,5,10,16,0,5,0,0
2002-01-07,Arsenal,Charlton,4,0,H,2,0,H,M Riley,16,4,10,2,13,9,0,1,0,1
2002-01-07,Aston Villa,Chelsea,0,0,D,0,0,D,P Dowd,4,22,2,12,7,13,1,3,0,0
2013-01-07,Blackburn,Arsenal,0,2,A,0,1,A,C Foy,13,6,7,4,15,5,4,0,0,1
2013-01-07,Bolton,Man City,0,0,D,0,0,D,A Marriner,8,7,4,0,14,13,2,2,0,0
2013-01-07,Charlton,Middlesbrough,1,3,A,1,1,D,M Dean,16,12,9,9,12,15,3,1,0,0
2013-01-07,Chelsea,Wigan,4,0,H,1,0,H,M Atkinson,12,2,6,1,15,17,1,3,0,0
2013-01-07,Man United,Aston Villa,3,1,H,3,0,H,H Webb,27,7,17,5,8,15,1,1,0,0
2013-01-07,Sheffield United,Portsmouth,1,1,D,1,0,H,L Probert,6,13,3,6,14,19,0,2,0,0
2013-01-07,Watford,Liverpool,0,3,A,0,2,A,M Clattenburg,8,22,4,13,9,10,0,0,0,0
2013-01-07,West Ham,Fulham,3,3,D,1,1,D,G Poll,10,9,7,6,20,21,3,6,1,0
2014-01-07,Everton,Reading,1,1,D,0,1,A,M Riley,14,7,7,3,12,17,2,2,0,0
2014-01-07,Tottenham,Newcastle,2,3,A,1,1,D,S Bennett,25,12,17,7,8,9,1,4,0,0
2020-01-07,Aston Villa,Watford,2,0,H,0,0,D,P Walton,17,11,6,6,11,20,2,0,0,0
2020-01-07,Fulham,Tottenham,1,1,D,0,0,D,M Dean,9,9,3,4,14,16,3,2,1,0
2020-01-07,Liverpool,Chelsea,2,0,H,2,0,H,R Styles,17,11,8,3,10,17,0,1,0,0
2020-01-07,Man City,Blackburn,0,3,A,0,1,A,P Dowd,13,12,9,5,14,11,1,3,0,0
2020-01-07,Middlesbrough,Bolton,5,1,H,4,1,H,A Wiley,10,11,5,5,12,13,1,3,0,1
2020-01-07,Newcastle,West Ham,2,2,D,1,2,A,U Rennie,14,12,7,7,16,26,3,4,0,0
2020-01-07,Portsmouth,Charlton,0,1,A,0,0,D,M Clattenburg,9,8,3,5,9,11,0,3,0,0
2020-01-07,Reading,Sheffield United,3,1,H,1,0,H,M Halsey,17,4,10,1,12,8,1,1,0,1
2021-01-07,Arsenal,Man United,2,1,H,0,0,D,S Bennett,18,10,11,6,13,11,1,3,0,0
2021-01-07,Wigan,Everton,0,2,A,0,0,D,H Webb,13,8,6,5,11,17,0,1,0,0
2023-01-07,Watford,Blackburn,2,1,H,1,1,D,D Gallagher,15,15,7,3,14,7,2,0,0,0
1930-01-07,Portsmouth,Middlesbrough,0,0,D,0,0,D,D Gallagher,15,3,4,3,10,10,0,1,0,0
1930-01-07,Reading,Wigan,3,2,H,1,1,D,S Bennett,19,21,12,14,11,11,1,1,0,0
1930-01-07,Sheffield United,Fulham,2,0,H,2,0,H,L Mason,16,7,8,0,14,10,1,1,0,0
1930-01-07,West Ham,Liverpool,1,2,A,0,0,D,M Atkinson,13,15,6,9,11,8,1,1,0,0
1931-01-07,Bolton,Charlton,1,1,D,1,1,D,L Probert,12,4,7,2,7,11,0,1,0,0
1931-01-07,Chelsea,Blackburn,3,0,H,1,0,H,G Poll,18,6,15,4,12,11,0,1,0,0
1931-01-07,Man United,Watford,4,0,H,1,0,H,M Dean,21,2,10,1,11,11,2,2,0,0
1931-01-07,Newcastle,Aston Villa,3,1,H,2,1,H,H Webb,8,14,4,9,15,15,1,1,0,0
2003-02-07,Aston Villa,West Ham,1,0,H,1,0,H,C Foy,17,7,6,2,13,21,0,1,0,0
2003-02-07,Blackburn,Sheffield United,2,1,H,1,1,D,A Marriner,11,11,6,5,18,19,1,4,1,0
2003-02-07,Charlton,Chelsea,0,1,A,0,1,A,M Halsey,8,17,5,8,7,8,0,1,0,0
2003-02-07,Fulham,Newcastle,2,1,H,0,0,D,P Dowd,15,8,9,4,12,13,1,3,0,0
2003-02-07,Liverpool,Everton,0,0,D,0,0,D,A Wiley,25,6,10,4,13,18,0,3,0,0
2003-02-07,Man City,Reading,0,2,A,0,0,D,H Webb,16,7,7,3,12,13,0,0,0,0
2003-02-07,Middlesbrough,Arsenal,1,1,D,0,0,D,M Riley,3,11,1,4,14,5,2,1,0,1
2003-02-07,Watford,Bolton,0,1,A,0,0,D,R Styles,7,7,3,4,8,9,0,3,0,0
2003-02-07,Wigan,Portsmouth,1,0,H,0,0,D,G Poll,15,5,8,4,10,8,1,0,0,0
2004-02-07,Tottenham,Man United,0,4,A,0,1,A,M Clattenburg,10,12,5,7,8,16,2,3,0,0
2010-02-07,Chelsea,Middlesbrough,3,0,H,1,0,H,C Foy,15,3,5,0,6,11,0,1,0,0
2010-02-07,Everton,Blackburn,1,0,H,1,0,H,R Styles,15,8,8,4,15,13,2,1,0,0
2010-02-07,Man United,Charlton,2,0,H,1,0,H,M Riley,18,8,11,2,11,8,0,1,0,0
2010-02-07,Newcastle,Liverpool,2,1,H,1,1,D,M Halsey,7,13,3,9,9,14,1,1,0,0
2010-02-07,Portsmouth,Man City,2,1,H,1,0,H,M Dean,17,6,10,3,12,12,3,3,0,0
2010-02-07,Reading,Aston Villa,2,0,H,1,0,H,M Clattenburg,12,17,9,7,13,11,2,1,0,0
2010-02-07,Sheffield United,Tottenham,2,1,H,1,1,D,M Atkinson,16,6,5,1,14,11,3,5,0,0
2010-02-07,West Ham,Watford,0,1,A,0,1,A,A Wiley,23,8,10,5,17,23,4,2,0,0
2011-02-07,Arsenal,Wigan,2,1,H,0,1,A,P Dowd,10,8,3,2,9,15,6,3,0,0
2011-02-07,Bolton,Fulham,2,1,H,1,0,H,H Webb,7,7,4,6,14,11,1,4,0,0
2021-02-07,Everton,Tottenham,1,2,A,1,1,D,U Rennie,10,8,3,4,7,14,2,1,0,0
2021-02-07,Watford,Wigan,1,1,D,1,1,D,R Styles,10,16,6,13,11,11,1,1,0,1
2024-02-07,Charlton,West Ham,4,0,H,3,0,H,R Styles,12,11,5,8,13,7,3,2,0,0
2024-02-07,Fulham,Man United,1,2,A,1,1,D,P Walton,16,16,6,8,16,12,3,2,0,0
2024-02-07,Liverpool,Sheffield United,4,0,H,2,0,H,S Bennett,8,6,4,2,12,9,0,2,0,0
2024-02-07,Middlesbrough,Reading,2,1,H,1,0,H,M Halsey,9,10,6,4,9,12,1,1,0,0
2024-02-07,Watford,Everton,0,3,A,0,2,A,L Mason,11,13,3,5,10,17,2,1,0,0
2025-02-07,Blackburn,Portsmouth,3,0,H,2,0,H,M Clattenburg,13,13,11,6,11,16,2,3,0,0
2025-02-07,Tottenham,Bolton,4,1,H,3,1,H,G Poll,14,10,10,6,2,17,0,4,1,0
2025-02-07,Wigan,Newcastle,1,0,H,1,0,H,A Wiley,7,5,4,2,11,12,6,2,0,0
2003-03-07,Arsenal,Reading,2,1,H,0,0,D,C Foy,16,7,9,4,8,14,1,1,0,0
2003-03-07,Fulham,Aston Villa,1,1,D,1,1,D,L Mason,13,9,7,4,10,21,0,2,0,0
2003-03-07,Liverpool,Man United,0,1,A,0,0,D,M Atkinson,15,5,8,3,11,12,2,2,0,1
2003-03-07,Man City,Wigan,0,1,A,0,1,A,H Webb,4,9,3,5,13,14,3,2,0,0
2003-03-07,Newcastle,Middlesbrough,0,0,D,0,0,D,S Bennett,11,7,8,4,12,14,0,3,0,0
2003-03-07,Portsmouth,Chelsea,0,2,A,0,1,A,M Halsey,8,10,5,5,8,10,0,2,0,0
2003-03-07,Sheffield United,Everton,1,1,D,0,0,D,M Riley,8,7,6,2,18,10,3,2,0,0
2003-03-07,Watford,Charlton,2,2,D,2,0,H,P Walton,14,13,10,5,18,10,2,2,0,0
2004-03-07,Bolton,Blackburn,1,2,A,0,0,D,R Styles,15,10,10,2,14,8,1,0,0,0
2004-03-07,West Ham,Tottenham,3,4,A,2,0,H,M Dean,12,12,6,7,15,12,6,1,0,0
2014-03-07,Aston Villa,Arsenal,0,1,A,0,1,A,M Atkinson,11,10,6,5,12,14,1,1,0,0
2014-03-07,Man City,Chelsea,0,1,A,0,1,A,A Wiley,8,5,2,3,10,13,3,2,0,0
2017-03-07,Blackburn,West Ham,1,2,A,0,0,D,H Webb,9,10,3,7,18,22,4,4,1,0
2017-03-07,Chelsea,Sheffield United,3,0,H,2,0,H,C Foy,13,7,8,4,7,10,0,0,0,0
2017-03-07,Man United,Bolton,4,1,H,3,0,H,A Wiley,15,7,7,0,14,13,1,2,0,0
2017-03-07,Middlesbrough,Man City,0,2,A,0,0,D,K Stroud,11,14,5,8,13,21,1,2,0,0
2017-03-07,Reading,Portsmouth,0,0,D,0,0,D,S Bennett,5,10,0,5,11,15,1,1,0,0
2017-03-07,Tottenham,Watford,3,1,H,1,0,H,M Halsey,17,2,11,2,5,8,0,0,0,0
2017-03-07,Wigan,Fulham,0,0,D,0,0,D,S Tanner,6,3,3,0,13,6,1,0,0,0
2018-03-07,Aston Villa,Liverpool,0,0,D,0,0,D,L Mason,9,7,3,3,11,12,2,3,0,0
2018-03-07,Charlton,Newcastle,2,0,H,0,0,D,D Gallagher,10,12,4,6,14,20,1,2,0,0
2018-03-07,Everton,Arsenal,1,0,H,0,0,D,M Clattenburg,11,18,4,9,17,13,6,0,0,0
1931-03-07,Bolton,Sheffield United,1,0,H,0,0,D,M Clattenburg,19,7,12,4,8,12,1,3,0,0
1931-03-07,Charlton,Wigan,1,0,H,0,0,D,P Walton,4,6,1,1,10,15,1,3,0,0
1931-03-07,Fulham,Portsmouth,1,1,D,0,1,A,M Riley,13,10,9,7,14,22,1,0,0,0
1931-03-07,Liverpool,Arsenal,4,1,H,2,0,H,S Bennett,12,11,7,3,17,8,1,3,0,0
1931-03-07,Man United,Blackburn,4,1,H,0,1,A,C Foy,27,6,17,3,7,12,1,3,0,0
1931-03-07,Newcastle,Man City,0,1,A,0,0,D,G Poll,15,7,6,5,9,16,1,3,0,0
1931-03-07,Watford,Chelsea,0,1,A,0,0,D,U Rennie,12,13,6,8,18,9,1,3,0,0
1931-03-07,West Ham,Middlesbrough,2,0,H,2,0,H,M Halsey,9,10,6,3,11,17,0,1,0,0
2001-04-07,Tottenham,Reading,1,0,H,1,0,H,A Wiley,18,6,7,3,7,6,1,0,0,0
2002-04-07,Aston Villa,Everton,1,1,D,0,1,A,H Webb,17,18,10,8,18,16,3,3,0,0
2006-04-07,Everton,Fulham,4,1,H,3,1,H,D Gallagh,14,15,10,8,18,12,0,0,0,0
2006-04-07,Man City,Charlton,0,0,D,0,0,D,A Wiley,13,3,6,1,12,11,0,0,0,0
2007-04-07,Arsenal,West Ham,0,1,A,0,1,A,G Poll,29,6,15,5,10,15,0,1,0,0
2007-04-07,Blackburn,Aston Villa,1,2,A,1,1,D,M Atkinson,10,9,3,7,17,12,2,1,0,0
2007-04-07,Chelsea,Tottenham,1,0,H,0,0,D,R Styles,11,6,8,5,13,11,2,1,0,0
2007-04-07,Middlesbrough,Watford,4,1,H,2,1,H,C Foy,24,6,14,3,7,14,0,0,0,0
2007-04-07,Portsmouth,Man United,2,1,H,1,0,H,M Clattenburg,14,15,9,7,13,2,3,1,0,0
2007-04-07,Reading,Liverpool,1,2,A,0,1,A,P Walton,8,4,4,3,10,16,2,1,0,0
2007-04-07,Sheffield United,Newcastle,1,2,A,0,1,A,M Halsey,17,10,11,3,11,13,1,1,0,0
2007-04-07,Wigan,Bolton,1,3,A,1,1,D,U Rennie,17,10,9,9,7,13,0,3,0,0
2009-04-07,Aston Villa,Wigan,1,1,D,0,1,A,M Halsey,13,2,7,1,11,11,2,3,0,1
2009-04-07,Bolton,Everton,1,1,D,1,1,D,M Atkinson,7,9,4,7,16,19,3,1,0,0
2009-04-07,Charlton,Reading,0,0,D,0,0,D,G Poll,8,14,5,6,13,13,1,0,0,0
2009-04-07,Fulham,Man City,1,3,A,0,2,A,S Bennett,12,7,5,5,12,15,1,3,0,0
2009-04-07,Newcastle,Arsenal,0,0,D,0,0,D,H Webb,8,6,4,2,13,14,1,2,0,0
2009-04-07,Watford,Portsmouth,4,2,H,2,1,H,L Mason,15,10,10,6,13,15,0,0,0,0
2014-04-07,Arsenal,Bolton,2,1,H,1,1,D,R Styles,19,6,9,2,7,18,2,3,0,1
2014-04-07,Man City,Liverpool,0,0,D,0,0,D,U Rennie,7,11,1,3,12,15,1,2,0,0
2014-04-07,Middlesbrough,Aston Villa,1,3,A,1,1,D,D Gallagher,13,9,5,7,20,8,2,1,0,0
2014-04-07,Portsmouth,Newcastle,2,1,H,1,0,H,C Foy,21,7,7,3,13,8,2,0,0,0
2014-04-07,Reading,Fulham,1,0,H,1,0,H,L Mason,12,13,6,5,8,7,2,1,0,0
2014-04-07,Sheffield United,West Ham,3,0,H,1,0,H,S Bennett,6,11,5,3,11,8,2,3,0,0
2015-04-07,Everton,Charlton,2,1,H,0,0,D,M Halsey,18,7,11,4,7,15,0,3,0,0
2015-04-07,Wigan,Tottenham,3,3,D,2,2,D,G Poll,21,10,11,6,18,6,3,0,0,0
2017-04-07,Arsenal,Man City,3,1,H,1,1,D,M Halsey,12,9,10,6,8,8,0,0,0,0
2017-04-07,Man United,Sheffield United,2,0,H,1,0,H,R Styles,13,10,10,3,10,13,5,3,0,0
2018-04-07,Blackburn,Watford,3,1,H,3,1,H,C Foy,18,4,10,4,8,14,0,0,0,0
2018-04-07,Liverpool,Middlesbrough,2,0,H,0,0,D,G Poll,18,5,7,2,8,13,0,1,0,0
2018-04-07,West Ham,Chelsea,1,4,A,1,2,A,M Dean,14,14,10,7,21,9,5,2,0,0
2021-04-07,Bolton,Reading,1,3,A,0,0,D,H Webb,18,10,15,7,17,13,0,2,0,0
2021-04-07,Charlton,Sheffield United,1,1,D,0,0,D,A Wiley,10,15,2,10,16,13,5,3,0,0
2021-04-07,Fulham,Blackburn,1,1,D,1,0,H,G Poll,13,18,6,9,17,15,1,1,0,0
2021-04-07,Liverpool,Wigan,2,0,H,1,0,H,M Riley,23,4,12,3,10,10,2,2,0,0
2021-04-07,Man United,Middlesbrough,1,1,D,1,1,D,P Walton,21,10,9,5,10,17,2,5,0,0
2021-04-07,Tottenham,Arsenal,2,2,D,1,0,H,M Dean,7,17,3,5,10,6,2,2,0,0
2021-04-07,Watford,Man City,1,1,D,0,0,D,R Styles,4,4,1,1,9,6,1,1,0,0
2021-04-07,West Ham,Everton,1,0,H,1,0,H,M Clattenburg,15,10,7,2,16,10,2,1,0,0
2022-04-07,Aston Villa,Portsmouth,0,0,D,0,0,D,M Atkinson,17,5,8,2,10,20,0,1,0,0
2022-04-07,Newcastle,Chelsea,0,0,D,0,0,D,M Halsey,11,12,3,4,15,16,0,3,0,0
2028-04-07,Blackburn,Charlton,4,1,H,0,0,D,M Dean,16,8,9,3,14,5,1,1,0,1
2028-04-07,Chelsea,Bolton,2,2,D,2,1,H,R Styles,11,6,3,3,8,10,0,3,0,0
2028-04-07,Everton,Man United,2,4,A,1,0,H,A Wiley,8,18,3,12,17,11,1,1,0,0
2028-04-07,Man City,Aston Villa,0,2,A,0,1,A,M Halsey,14,15,7,7,14,8,1,0,0,0
2028-04-07,Middlesbrough,Tottenham,2,3,A,0,1,A,L Mason,16,11,8,5,11,9,1,1,0,0
2028-04-07,Portsmouth,Liverpool,2,1,H,2,0,H,P Walton,9,11,7,4,12,7,1,1,0,0
2028-04-07,Sheffield United,Watford,1,0,H,1,0,H,M Atkinson,11,13,6,3,13,17,1,4,0,0
2028-04-07,Wigan,West Ham,0,3,A,0,1,A,G Poll,9,12,6,7,5,17,1,2,0,0
2029-04-07,Arsenal,Fulham,3,1,H,1,0,H,M Clattenburg,10,7,5,1,6,10,2,4,0,0
1930-04-07,Reading,Newcastle,1,0,H,0,0,D,M Riley,13,18,8,11,14,11,2,0,0,0
2005-05-07,Aston Villa,Sheffield United,3,0,H,2,0,H,P Walton,19,9,11,2,14,14,2,2,0,0
2005-05-07,Everton,Portsmouth,3,0,H,0,0,D,H Webb,13,12,7,5,9,19,3,3,0,0
2005-05-07,Fulham,Liverpool,1,0,H,0,0,D,S Bennett,7,9,5,5,17,15,2,2,1,0
2005-05-07,Man City,Man United,0,1,A,0,1,A,R Styles,4,6,3,3,13,10,2,2,0,0
2005-05-07,Newcastle,Blackburn,0,2,A,0,1,A,M Atkinson,14,8,6,6,12,20,1,3,0,0
2005-05-07,Reading,Watford,0,2,A,0,0,D,D Gallaghe,15,4,7,4,10,16,0,2,0,0
2005-05-07,West Ham,Bolton,3,1,H,3,0,H,M Riley,9,8,6,3,17,21,2,5,0,0
2005-05-07,Wigan,Middlesbrough,0,1,A,0,1,A,M Clattenburg,15,7,7,3,17,8,3,0,0,0
2006-05-07,Arsenal,Chelsea,1,1,D,1,0,H,A Wiley,7,9,4,4,19,13,1,2,0,1
2007-05-07,Charlton,Tottenham,0,2,A,0,1,A,G Poll,7,9,4,6,7,4,0,0,0,0
2009-05-07,Chelsea,Man United,0,0,D,0,0,D,G Poll,15,5,10,0,12,20,3,4,0,0
2010-05-07,Tottenham,Blackburn,1,1,D,0,1,A,R Styles,15,10,7,4,4,17,0,3,0,1
2013-05-07,Blackburn,Reading,3,3,D,1,1,D,A Wiley,15,12,6,7,16,7,2,0,0,0
2013-05-07,Bolton,Aston Villa,2,2,D,1,1,D,M Clattenburg,10,8,2,3,10,11,2,1,0,0
2013-05-07,Chelsea,Everton,1,1,D,0,0,D,M Halsey,14,8,10,5,13,5,2,1,0,0
2013-05-07,Liverpool,Charlton,2,2,D,0,1,A,D Gallagher,22,8,7,4,5,12,0,0,0,0
2013-05-07,Man United,West Ham,0,1,A,0,1,A,M Atkinson,28,6,20,4,13,11,0,2,0,0
2013-05-07,Middlesbrough,Fulham,3,1,H,2,1,H,M Riley,21,8,10,5,11,12,1,0,0,0
2013-05-07,Portsmouth,Arsenal,0,0,D,0,0,D,G Poll,9,14,4,6,18,15,0,0,0,0
2013-05-07,Sheffield United,Wigan,1,2,A,1,2,A,M Dean,9,9,5,3,11,15,3,5,0,1
2013-05-07,Tottenham,Man City,2,1,H,2,1,H,S Bennett,8,10,3,5,11,13,1,1,0,0
2013-05-07,Watford,Newcastle,1,1,D,0,1,A,R Styles,11,1,2,1,13,6,2,4,0,0
